{
    "name": "ba671d0e-d334-4c10-a54f-90ac88de0eb0",
    "id": "/providers/Microsoft.Flow/flows/ba671d0e-d334-4c10-a54f-90ac88de0eb0",
    "type": "Microsoft.Flow/flows",
    "properties": {
        "apiId": "/providers/Microsoft.PowerApps/apis/shared_logicflows",
        "displayName": "Create Meeting Buffers",
        "definition": {
            "metadata": {
                "workflowEntityId": null,
                "processAdvisorMetadata": null,
                "flowclientsuspensionreason": "None",
                "flowclientsuspensiontime": null,
                "creator": {
                    "id": "626385e8-4d34-4608-b808-10592d7f47d6",
                    "type": "User",
                    "tenantId": "16532572-d567-4d67-8727-f12f7bb6aed3"
                },
                "provisioningMethod": "FromDefinition",
                "failureAlertSubscription": true,
                "clientLastModifiedTime": "2021-05-16T11:29:14.8757501Z"
            },
            "$schema": "https://schema.management.azure.com/providers/Microsoft.Logic/schemas/2016-06-01/workflowdefinition.json#",
            "contentVersion": "1.0.0.0",
            "parameters": {
                "$connections": {
                    "defaultValue": {},
                    "type": "Object"
                },
                "$authentication": {
                    "defaultValue": {},
                    "type": "SecureObject"
                }
            },
            "triggers": {
                "When_an_event_is_added,_updated_or_deleted_(V3)": {
                    "splitOn": "@triggerOutputs()?['body/value']",
                    "type": "OpenApiConnectionNotification",
                    "inputs": {
                        "host": {
                            "apiId": "/providers/Microsoft.PowerApps/apis/shared_office365",
                            "connectionName": "shared_office365",
                            "operationId": "CalendarGetOnChangedItemsV3"
                        },
                        "parameters": {
                            "table": "",
                            "incomingDays": 300,
                            "pastDays": 0
                        },
                        "authentication": "@parameters('$authentication')"
                    },
                    "conditions": []
                }
            },
            "actions": {
                "Get_calendar_view_of_events_(V3)": {
                    "runAfter": {
                        "End_time_in_EST": [
                            "Succeeded"
                        ]
                    },
                    "type": "OpenApiConnection",
                    "inputs": {
                        "host": {
                            "apiId": "/providers/Microsoft.PowerApps/apis/shared_office365",
                            "connectionName": "shared_office365",
                            "operationId": "GetEventsCalendarViewV3"
                        },
                        "parameters": {
                            "calendarId": "AAMkAGZkOTIzMTJjLTI3NDAtNDAzYy1hYTZmLTJhZGQxMjdkMTZkMwBGAAAAAACGHtMu2JLxRIwf5W4DIsJyBwCdviCa5DR7SpEwmkKrI-26AAAAbXN7AAAN5fJ8TMg5TrUOSy4CGvTWAAEoer4ZAAA=",
                            "startDateTimeUtc": "@addToTime(body('End_time_in_EST'),1,'Second')",
                            "endDateTimeUtc": "@addToTime(body('End_time_in_EST'),variables('Break duration (min)'),'Minute')"
                        },
                        "authentication": "@parameters('$authentication')"
                    }
                },
                "Initialize_Title": {
                    "runAfter": {
                        "Parse_JSON": [
                            "Succeeded"
                        ]
                    },
                    "type": "InitializeVariable",
                    "inputs": {
                        "variables": [
                            {
                                "name": "Break Title",
                                "type": "string",
                                "value": "\"<SUBJECT>\" follow-up"
                            }
                        ]
                    }
                },
                "Initialize_Break_Duration": {
                    "runAfter": {
                        "Initialize_Title": [
                            "Succeeded"
                        ]
                    },
                    "type": "InitializeVariable",
                    "inputs": {
                        "variables": [
                            {
                                "name": "Break duration (min)",
                                "type": "integer",
                                "value": 15
                            }
                        ]
                    }
                },
                "Switch": {
                    "runAfter": {
                        "Get_calendar_view_of_events_(V3)": [
                            "Succeeded"
                        ]
                    },
                    "cases": {
                        "Created": {
                            "case": "added",
                            "actions": {
                                "Create_event_(V4)": {
                                    "runAfter": {},
                                    "type": "OpenApiConnection",
                                    "inputs": {
                                        "host": {
                                            "apiId": "/providers/Microsoft.PowerApps/apis/shared_office365",
                                            "connectionName": "shared_office365",
                                            "operationId": "V4CalendarPostItem"
                                        },
                                        "parameters": {
                                            "table": "AAMkAGZkOTIzMTJjLTI3NDAtNDAzYy1hYTZmLTJhZGQxMjdkMTZkMwBGAAAAAACGHtMu2JLxRIwf5W4DIsJyBwCdviCa5DR7SpEwmkKrI-26AAAAbXN7AAAN5fJ8TMg5TrUOSy4CGvTWAAEoer4ZAAA=",
                                            "item/subject": "@replace(variables('Break Title'),'<SUBJECT>',triggerOutputs()?['body/subject'])",
                                            "item/start": "@body('End_time_in_EST')",
                                            "item/end": "@addToTime(body('End_time_in_EST'),variables('Break duration (min)'),'Minute')",
                                            "item/timeZone": "(UTC-05:00) Eastern Time (US & Canada)",
                                            "item/body": "@triggerOutputs()?['body/id']",
                                            "item/importance": "normal",
                                            "item/isReminderOn": false,
                                            "item/showAs": "busy"
                                        },
                                        "authentication": "@parameters('$authentication')"
                                    }
                                }
                            }
                        },
                        "Modified": {
                            "case": "updated",
                            "actions": {
                                "For_each_child_event": {
                                    "foreach": "@body('Filter_for_Breaks_for_current_event')",
                                    "actions": {
                                        "Update_event_(V4)": {
                                            "runAfter": {},
                                            "type": "OpenApiConnection",
                                            "inputs": {
                                                "host": {
                                                    "apiId": "/providers/Microsoft.PowerApps/apis/shared_office365",
                                                    "connectionName": "shared_office365",
                                                    "operationId": "V4CalendarPatchItem"
                                                },
                                                "parameters": {
                                                    "table": "AAMkAGZkOTIzMTJjLTI3NDAtNDAzYy1hYTZmLTJhZGQxMjdkMTZkMwBGAAAAAACGHtMu2JLxRIwf5W4DIsJyBwCdviCa5DR7SpEwmkKrI-26AAAAbXN7AAAN5fJ8TMg5TrUOSy4CGvTWAAEoer4ZAAA=",
                                                    "id": "@items('For_each_child_event')?['id']",
                                                    "item/subject": "@items('For_each_child_event')?['subject']",
                                                    "item/start": "@body('End_time_in_EST')",
                                                    "item/end": "@addToTime(body('End_time_in_EST'),variables('Break duration (min)'),'Minute')",
                                                    "item/timeZone": "(UTC-05:00) Eastern Time (US & Canada)",
                                                    "item/body": "@triggerOutputs()?['body/id']",
                                                    "item/importance": "normal",
                                                    "item/showAs": "busy"
                                                },
                                                "authentication": "@parameters('$authentication')"
                                            }
                                        }
                                    },
                                    "runAfter": {},
                                    "type": "Foreach"
                                }
                            }
                        }
                    },
                    "default": {
                        "actions": {}
                    },
                    "expression": "@triggerOutputs()?['body/ActionType']",
                    "type": "Switch"
                },
                "Get_meeting_elapsed_time": {
                    "runAfter": {
                        "If_it_is_a_break_event,_exit": [
                            "Succeeded"
                        ]
                    },
                    "type": "Compose",
                    "inputs": "@div(sub(ticks(triggerOutputs()?['body/end']),ticks(triggerOutputs()?['body/start'])),600000000)"
                },
                "End_time_in_EST": {
                    "runAfter": {
                        "Get_meeting_elapsed_time": [
                            "Succeeded"
                        ]
                    },
                    "type": "Expression",
                    "kind": "ConvertTimeZone",
                    "inputs": {
                        "baseTime": "@triggerOutputs()?['body/end']",
                        "formatString": "u",
                        "sourceTimeZone": "UTC",
                        "destinationTimeZone": "UTC"
                    }
                },
                "Get_events_in_the_future": {
                    "runAfter": {
                        "Initialize_Calendar_ID": [
                            "Succeeded"
                        ]
                    },
                    "type": "OpenApiConnection",
                    "inputs": {
                        "host": {
                            "apiId": "/providers/Microsoft.PowerApps/apis/shared_office365",
                            "connectionName": "shared_office365",
                            "operationId": "GetEventsCalendarViewV3"
                        },
                        "parameters": {
                            "calendarId": "@variables('Calendar ID')",
                            "startDateTimeUtc": "@utcNow()",
                            "endDateTimeUtc": "@addDays(utcNow(),variables('Days in future'))",
                            "$top": 5000
                        },
                        "authentication": "@parameters('$authentication')"
                    }
                },
                "Initialize_Days_in_future": {
                    "runAfter": {
                        "Initialize_Break_Duration": [
                            "Succeeded"
                        ]
                    },
                    "type": "InitializeVariable",
                    "inputs": {
                        "variables": [
                            {
                                "name": "Days in future",
                                "type": "integer",
                                "value": 30
                            }
                        ]
                    }
                },
                "Initialize_Calendar_ID": {
                    "runAfter": {
                        "Initialize_Days_in_future": [
                            "Succeeded"
                        ]
                    },
                    "type": "InitializeVariable",
                    "inputs": {
                        "variables": [
                            {
                                "name": "Calendar ID",
                                "type": "string",
                                "value": "Calendar"
                            }
                        ]
                    }
                },
                "Filter_for_Breaks_for_current_event": {
                    "runAfter": {
                        "Get_events_in_the_future": [
                            "Succeeded"
                        ]
                    },
                    "type": "Query",
                    "inputs": {
                        "from": "@outputs('Get_events_in_the_future')?['body/value']",
                        "where": "@contains(item()?['body'], triggerOutputs()?['body/id'])"
                    }
                },
                "Get_event_ID": {
                    "runAfter": {
                        "If_it_is_an_event_in_the_past,_exit": [
                            "Succeeded"
                        ]
                    },
                    "type": "Compose",
                    "inputs": "@substring(body('Parse_JSON')?['body'], add(indexOf(body('Parse_JSON')?['body'],'<body>'),6),sub(indexOf(body('Parse_JSON')?['body'],'</body>'),add(indexOf(body('Parse_JSON')?['body'],'<body>'),6)))"
                },
                "Parse_JSON": {
                    "runAfter": {},
                    "type": "ParseJson",
                    "inputs": {
                        "content": "@triggerOutputs()?['body']",
                        "schema": {
                            "type": "object",
                            "properties": {
                                "ActionType": {
                                    "type": "string"
                                },
                                "IsAdded": {
                                    "type": "boolean"
                                },
                                "IsUpdated": {
                                    "type": "boolean"
                                },
                                "subject": {
                                    "type": "string"
                                },
                                "start": {
                                    "type": "string"
                                },
                                "end": {
                                    "type": "string"
                                },
                                "startWithTimeZone": {
                                    "type": "string"
                                },
                                "endWithTimeZone": {
                                    "type": "string"
                                },
                                "body": {
                                    "type": "string"
                                },
                                "isHtml": {
                                    "type": "boolean"
                                },
                                "responseType": {
                                    "type": "string"
                                },
                                "responseTime": {
                                    "type": "string"
                                },
                                "id": {
                                    "type": "string"
                                },
                                "createdDateTime": {
                                    "type": "string"
                                },
                                "lastModifiedDateTime": {
                                    "type": "string"
                                },
                                "organizer": {
                                    "type": "string"
                                },
                                "timeZone": {
                                    "type": "string"
                                },
                                "iCalUId": {
                                    "type": "string"
                                },
                                "categories": {
                                    "type": "array"
                                },
                                "webLink": {
                                    "type": "string"
                                },
                                "requiredAttendees": {
                                    "type": "string"
                                },
                                "optionalAttendees": {
                                    "type": "string"
                                },
                                "resourceAttendees": {
                                    "type": "string"
                                },
                                "location": {
                                    "type": "string"
                                },
                                "importance": {
                                    "type": "string"
                                },
                                "isAllDay": {
                                    "type": "boolean"
                                },
                                "recurrence": {
                                    "type": "string"
                                },
                                "reminderMinutesBeforeStart": {
                                    "type": "integer"
                                },
                                "isReminderOn": {
                                    "type": "boolean"
                                },
                                "showAs": {
                                    "type": "string"
                                },
                                "responseRequested": {
                                    "type": "boolean"
                                },
                                "sensitivity": {
                                    "type": "string"
                                }
                            }
                        }
                    }
                },
                "If_it_is_a_break_event,_exit": {
                    "actions": {
                        "Terminate_3": {
                            "runAfter": {},
                            "type": "Terminate",
                            "inputs": {
                                "runStatus": "Succeeded"
                            }
                        }
                    },
                    "runAfter": {
                        "Filter_future_events_where_their_ID_is_equal_to_the_body_of_this_event": [
                            "Succeeded"
                        ]
                    },
                    "expression": {
                        "greater": [
                            "@length(body('Filter_future_events_where_their_ID_is_equal_to_the_body_of_this_event'))",
                            0
                        ]
                    },
                    "type": "If"
                },
                "Get_future_events": {
                    "runAfter": {
                        "Get_event_ID": [
                            "Succeeded"
                        ]
                    },
                    "type": "OpenApiConnection",
                    "inputs": {
                        "host": {
                            "apiId": "/providers/Microsoft.PowerApps/apis/shared_office365",
                            "connectionName": "shared_office365",
                            "operationId": "V4CalendarGetItems"
                        },
                        "parameters": {
                            "table": "@variables('Calendar ID')"
                        },
                        "authentication": "@parameters('$authentication')"
                    }
                },
                "If_deleted,_exit": {
                    "actions": {
                        "Terminate": {
                            "runAfter": {
                                "Apply_to_each": [
                                    "Succeeded"
                                ]
                            },
                            "type": "Terminate",
                            "inputs": {
                                "runStatus": "Succeeded"
                            }
                        },
                        "Apply_to_each": {
                            "foreach": "@body('Filter_for_Breaks_for_current_event')",
                            "actions": {
                                "Delete_event_(V2)": {
                                    "runAfter": {},
                                    "type": "OpenApiConnection",
                                    "inputs": {
                                        "host": {
                                            "apiId": "/providers/Microsoft.PowerApps/apis/shared_office365",
                                            "connectionName": "shared_office365",
                                            "operationId": "CalendarDeleteItem_V2"
                                        },
                                        "parameters": {
                                            "calendar": "@variables('Calendar ID')",
                                            "event": "@items('Apply_to_each')?['id']"
                                        },
                                        "authentication": "@parameters('$authentication')"
                                    }
                                }
                            },
                            "runAfter": {},
                            "type": "Foreach"
                        }
                    },
                    "runAfter": {
                        "Filter_for_Breaks_for_current_event": [
                            "Succeeded"
                        ]
                    },
                    "expression": {
                        "equals": [
                            "@triggerOutputs()?['body/ActionType']",
                            "deleted"
                        ]
                    },
                    "type": "If"
                },
                "Filter_future_events_where_their_ID_is_equal_to_the_body_of_this_event": {
                    "runAfter": {
                        "Get_future_events": [
                            "Succeeded"
                        ]
                    },
                    "type": "Query",
                    "inputs": {
                        "from": "@outputs('Get_events_in_the_future')?['body/value']",
                        "where": "@contains('', item()?['id'])"
                    }
                },
                "If_it_is_an_event_in_the_past,_exit": {
                    "actions": {
                        "Exit_flow_as_there_is_nothing_to_do": {
                            "runAfter": {},
                            "type": "Terminate",
                            "inputs": {
                                "runStatus": "Succeeded"
                            }
                        }
                    },
                    "runAfter": {
                        "If_deleted,_exit": [
                            "Succeeded"
                        ]
                    },
                    "expression": {
                        "or": [
                            {
                                "less": [
                                    "@div(sub(ticks(triggerOutputs()?['body/end']),ticks(utcNow())),600000000)",
                                    0
                                ]
                            },
                            {
                                "and": [
                                    {
                                        "equals": [
                                            "@length(split(triggerOutputs()?['body/requiredAttendees'],';'))",
                                            1
                                        ]
                                    },
                                    {
                                        "equals": [
                                            "@length(split(triggerOutputs()?['body/optionalAttendees'],';'))",
                                            0
                                        ]
                                    }
                                ]
                            }
                        ]
                    },
                    "type": "If"
                }
            }
        },
        "connectionReferences": {
            "shared_office365": {
                "connectionName": "shared-office365-14a4e92f-1582-4570-bd02-6c01-70245f49",
                "source": "Embedded",
                "id": "/providers/Microsoft.PowerApps/apis/shared_office365",
                "tier": "NotSpecified"
            }
        },
        "flowFailureAlertSubscribed": false
    }
}