<ImportExportXml xmlns:xsi="http://www.w3.org/2001/XMLSchema-instance">
  <Entities></Entities>
  <Roles></Roles>
  <Workflows>
    <Workflow WorkflowId="{dd6a040f-e873-ec11-8943-00224804a1ce}" Name="Get Gateways">
      <JsonFileName>/Workflows/GetGateways-DD6A040F-E873-EC11-8943-00224804A1CE.json</JsonFileName>
      <Type>1</Type>
      <Subprocess>0</Subprocess>
      <Category>5</Category>
      <Mode>0</Mode>
      <Scope>4</Scope>
      <OnDemand>0</OnDemand>
      <TriggerOnCreate>0</TriggerOnCreate>
      <TriggerOnDelete>0</TriggerOnDelete>
      <AsyncAutodelete>0</AsyncAutodelete>
      <SyncWorkflowLogOnFailure>0</SyncWorkflowLogOnFailure>
      <StateCode>1</StateCode>
      <StatusCode>2</StatusCode>
      <RunAs>1</RunAs>
      <IsTransacted>1</IsTransacted>
      <IntroducedVersion>1.0.0.0</IntroducedVersion>
      <IsCustomizable>1</IsCustomizable>
      <BusinessProcessType>0</BusinessProcessType>
      <IsCustomProcessingStepAllowedForOtherPublishers>1</IsCustomProcessingStepAllowedForOtherPublishers>
      <PrimaryEntity>none</PrimaryEntity>
      <LocalizedNames>
        <LocalizedName languagecode="1033" description="Get Gateways" />
      </LocalizedNames>
    </Workflow>
    <Workflow WorkflowId="{a9537212-b577-ec11-8d21-0022480b39ce}" Name="Get Flow Inventory by Environment">
      <JsonFileName>/Workflows/GetFlowInventorybyEnvironment-A9537212-B577-EC11-8D21-0022480B39CE.json</JsonFileName>
      <Type>1</Type>
      <Subprocess>0</Subprocess>
      <Category>5</Category>
      <Mode>0</Mode>
      <Scope>4</Scope>
      <OnDemand>0</OnDemand>
      <TriggerOnCreate>0</TriggerOnCreate>
      <TriggerOnDelete>0</TriggerOnDelete>
      <AsyncAutodelete>0</AsyncAutodelete>
      <SyncWorkflowLogOnFailure>0</SyncWorkflowLogOnFailure>
      <StateCode>1</StateCode>
      <StatusCode>2</StatusCode>
      <RunAs>1</RunAs>
      <IsTransacted>1</IsTransacted>
      <IntroducedVersion>1.0.0.0</IntroducedVersion>
      <IsCustomizable>1</IsCustomizable>
      <BusinessProcessType>0</BusinessProcessType>
      <IsCustomProcessingStepAllowedForOtherPublishers>1</IsCustomProcessingStepAllowedForOtherPublishers>
      <PrimaryEntity>none</PrimaryEntity>
      <LocalizedNames>
        <LocalizedName languagecode="1033" description="Get Flow Inventory by Environment" />
      </LocalizedNames>
    </Workflow>
    <Workflow WorkflowId="{6a013047-6d76-ec11-8d21-0022480b3520}" Name="Get Connections As Admin">
      <JsonFileName>/Workflows/GetConnectionsAsAdmin-6A013047-6D76-EC11-8D21-0022480B3520.json</JsonFileName>
      <Type>1</Type>
      <Subprocess>0</Subprocess>
      <Category>5</Category>
      <Mode>0</Mode>
      <Scope>4</Scope>
      <OnDemand>0</OnDemand>
      <TriggerOnCreate>0</TriggerOnCreate>
      <TriggerOnDelete>0</TriggerOnDelete>
      <AsyncAutodelete>0</AsyncAutodelete>
      <SyncWorkflowLogOnFailure>0</SyncWorkflowLogOnFailure>
      <StateCode>1</StateCode>
      <StatusCode>2</StatusCode>
      <RunAs>1</RunAs>
      <IsTransacted>1</IsTransacted>
      <IntroducedVersion>1.0.0.0</IntroducedVersion>
      <IsCustomizable>1</IsCustomizable>
      <BusinessProcessType>0</BusinessProcessType>
      <IsCustomProcessingStepAllowedForOtherPublishers>1</IsCustomProcessingStepAllowedForOtherPublishers>
      <PrimaryEntity>none</PrimaryEntity>
      <LocalizedNames>
        <LocalizedName languagecode="1033" description="Get Connections As Admin" />
      </LocalizedNames>
    </Workflow>
  </Workflows>
  <FieldSecurityProfiles></FieldSecurityProfiles>
  <Templates />
  <EntityMaps />
  <EntityRelationships />
  <OrganizationSettings />
  <optionsets />
  <CustomControls />
  <EntityDataProviders />
  <CanvasApps>
    <CanvasApp>
      <Name>pro_onpremisegatewayaudit_108cc</Name>
      <AppVersion>2022-01-24T01:50:23Z</AppVersion>
      <Status>Ready</Status>
      <CreatedByClientVersion>3.21123.25.0</CreatedByClientVersion>
      <MinClientVersion>3.21123.25.0</MinClientVersion>
      <Tags>{"primaryDeviceWidth":"1366","primaryDeviceHeight":"768","sienaVersion":"94780164-1db0-4d64-911c-31d7410060bc","deviceCapabilities":"","supportsPortrait":"true","supportsLandscape":"true","primaryFormFactor":"Tablet","publisherVersion":"3.21123.25","minimumRequiredApiVersion":"2.2.0","hasComponent":"false","hasUnlockedComponent":"false","isUnifiedRootApp":"false"}</Tags>
      <IsCdsUpgraded>0</IsCdsUpgraded>
      <GalleryItemId xsi:nil="true"></GalleryItemId>
      <BackgroundColor>rgba(0, 121, 187, 1)</BackgroundColor>
      <DisplayName>On-Premise Gateway Audit</DisplayName>
      <Description xsi:nil="true"></Description>
      <CommitMessage xsi:nil="true"></CommitMessage>
      <Publisher xsi:nil="true"></Publisher>
      <AuthorizationReferences>[]</AuthorizationReferences>
      <ConnectionReferences>{"3dcd8bc4-1b13-42c6-9b3f-3a067e0821b5":{"id":"/providers/microsoft.powerapps/apis/shared_powerplatformforadmins","displayName":"Power Platform for Admins","iconUri":"https://connectoricons-prod.azureedge.net/releases/v1.0.1534/1.0.1534.2605/powerplatformforadmins/icon.png","dataSources":["PowerPlatformforAdmins"],"dependencies":[],"dependents":[],"parameterHints":{},"parameterHintsV2":{},"isOnPremiseConnection":false,"bypassConsent":false,"dataSets":{},"apiTier":"Standard","actions":["GetAdminEnvironment"]},"182a4cf0-9334-43d3-84a5-c96a41623754":{"id":"/providers/microsoft.powerapps/apis/shared_flowmanagement","displayName":"Power Automate Management","iconUri":"https://connectoricons-prod.azureedge.net/releases/v1.0.1535/1.0.1535.2607/flowmanagement/icon.png","dataSources":["PowerAutomateManagement"],"dependencies":[],"dependents":[],"parameterHints":{},"parameterHintsV2":{},"isOnPremiseConnection":false,"bypassConsent":false,"dataSets":{},"apiTier":"Standard"},"13fc09f9-f53a-45a6-be8c-093838831a48":{"id":"/providers/microsoft.powerapps/apis/shared_powerappsforappmakers","displayName":"Power Apps for Makers","iconUri":"https://connectoricons-prod.azureedge.net/releases/v1.0.1534/1.0.1534.2605/powerappsforappmakers/icon.png","dataSources":["PowerAppsforMakers"],"dependencies":[],"dependents":[],"parameterHints":{},"parameterHintsV2":{},"isOnPremiseConnection":false,"bypassConsent":false,"dataSets":{},"apiTier":"Standard"},"2e9b1768-67f6-4198-b422-6aa2458dd076":{"id":"/providers/microsoft.powerapps/apis/shared_logicflows","displayName":"Logic flows","iconUri":"https://connectoricons-prod.azureedge.net/releases/v1.0.1534/1.0.1534.2605/logicflows/icon.png","dataSources":["GetConnectionsAsAdmin"],"dependencies":["556b962c-f93b-4c21-99b2-5b01f901f5e1"],"dependents":[],"parameterHints":{"workflowName":{"value":"78f32180-2d09-4aa6-b630-12f9cecd5945"},"workflowEntityId":{"value":"6a013047-6d76-ec11-8d21-0022480b3520"},"556b962c-f93b-4c21-99b2-5b01f901f5e1":{"value":"shared_powerappsforadmins"}},"parameterHintsV2":{"workflowName":{"value":"78f32180-2d09-4aa6-b630-12f9cecd5945"},"workflowEntityId":{"value":"6a013047-6d76-ec11-8d21-0022480b3520"},"shared_powerappsforadmins":{"value":"556b962c-f93b-4c21-99b2-5b01f901f5e1"}},"isOnPremiseConnection":false,"bypassConsent":false,"dataSets":{},"apiTier":"Standard","actions":["Run"]},"556b962c-f93b-4c21-99b2-5b01f901f5e1":{"id":"/providers/microsoft.powerapps/apis/shared_powerappsforadmins","displayName":"Power Apps for Admins","iconUri":"https://connectoricons-prod.azureedge.net/releases/v1.0.1544/1.0.1544.2640/powerappsforadmins/icon.png","dataSources":[],"dependencies":[],"dependents":["2e9b1768-67f6-4198-b422-6aa2458dd076"],"parameterHints":{},"parameterHintsV2":{},"isOnPremiseConnection":false,"bypassConsent":false,"dataSets":{},"apiTier":"Standard"},"20022a20-3a14-4e76-bb58-82b551e7aa58":{"id":"/providers/microsoft.powerapps/apis/shared_logicflows","displayName":"Logic flows","iconUri":"https://connectoricons-prod.azureedge.net/releases/v1.0.1534/1.0.1534.2605/logicflows/icon.png","dataSources":["GetGateways"],"dependencies":[],"dependents":[],"parameterHints":{"workflowName":{"value":"b21196e6-1714-4b66-b183-7225b1354161"},"workflowEntityId":{"value":"dd6a040f-e873-ec11-8943-00224804a1ce"}},"parameterHintsV2":{"workflowName":{"value":"b21196e6-1714-4b66-b183-7225b1354161"},"workflowEntityId":{"value":"dd6a040f-e873-ec11-8943-00224804a1ce"}},"isOnPremiseConnection":false,"bypassConsent":false,"dataSets":{},"apiTier":"Standard","actions":["Run"]},"5af541d7-15d2-4116-b8bf-3b0604d7fe35":{"id":"/providers/microsoft.powerapps/apis/shared_logicflows","displayName":"Logic flows","iconUri":"https://connectoricons-prod.azureedge.net/releases/v1.0.1534/1.0.1534.2605/logicflows/icon.png","dataSources":["GetFlowInventorybyEnvironment"],"dependencies":["0e06b2a2-dbfc-4afd-88e7-7e61a1dddd69"],"dependents":[],"parameterHints":{"workflowName":{"value":"2018fcd4-0d26-4e34-a662-e48dca115fce"},"workflowEntityId":{"value":"a9537212-b577-ec11-8d21-0022480b39ce"},"0e06b2a2-dbfc-4afd-88e7-7e61a1dddd69":{"value":"shared_flowmanagement_2"}},"parameterHintsV2":{"workflowName":{"value":"2018fcd4-0d26-4e34-a662-e48dca115fce"},"workflowEntityId":{"value":"a9537212-b577-ec11-8d21-0022480b39ce"},"shared_flowmanagement_2":{"value":"0e06b2a2-dbfc-4afd-88e7-7e61a1dddd69"}},"isOnPremiseConnection":false,"bypassConsent":false,"dataSets":{},"apiTier":"Standard","actions":["Run"]},"0e06b2a2-dbfc-4afd-88e7-7e61a1dddd69":{"id":"/providers/microsoft.powerapps/apis/shared_flowmanagement","displayName":"Power Automate Management","iconUri":"https://connectoricons-prod.azureedge.net/releases/v1.0.1535/1.0.1535.2607/flowmanagement/icon.png","dataSources":[],"dependencies":[],"dependents":["5af541d7-15d2-4116-b8bf-3b0604d7fe35"],"parameterHints":{},"parameterHintsV2":{},"isOnPremiseConnection":false,"bypassConsent":false,"dataSets":{},"apiTier":"Standard"}}</ConnectionReferences>
      <DatabaseReferences>{}</DatabaseReferences>
      <AppComponents>[]</AppComponents>
      <AppComponentDependencies>[]</AppComponentDependencies>
      <CanConsumeAppPass>1</CanConsumeAppPass>
      <CanvasAppType>0</CanvasAppType>
      <BypassConsent>0</BypassConsent>
      <AdminControlBypassConsent>0</AdminControlBypassConsent>
      <EmbeddedApp xsi:nil="true"></EmbeddedApp>
      <IntroducedVersion>1.0</IntroducedVersion>
      <CdsDependencies>{"cdsdependencies":[]}</CdsDependencies>
      <IsCustomizable>1</IsCustomizable>
      <BackgroundImageUri>/CanvasApps/pro_onpremisegatewayaudit_108cc_BackgroundImageUri</BackgroundImageUri>
      <DocumentUri>/CanvasApps/pro_onpremisegatewayaudit_108cc_DocumentUri.msapp</DocumentUri>
    </CanvasApp>
  </CanvasApps>
  <connectionreferences>
    <connectionreference connectionreferencelogicalname="pro_sharedflowmanagement_54b72">
      <connectionreferencedisplayname>Power Automate Management OnPremiseGatewayAudit-54b72</connectionreferencedisplayname>
      <connectorid>/providers/Microsoft.PowerApps/apis/shared_flowmanagement</connectorid>
      <iscustomizable>1</iscustomizable>
      <statecode>0</statecode>
      <statuscode>1</statuscode>
    </connectionreference>
    <connectionreference connectionreferencelogicalname="pro_sharedmicrosoftflowforadmins_1923c">
      <connectionreferencedisplayname>Power Automate for Admins OnPremiseGatewayAudit-1923c</connectionreferencedisplayname>
      <connectorid>/providers/Microsoft.PowerApps/apis/shared_microsoftflowforadmins</connectorid>
      <iscustomizable>1</iscustomizable>
      <statecode>0</statecode>
      <statuscode>1</statuscode>
    </connectionreference>
    <connectionreference connectionreferencelogicalname="pro_sharedpowerappsforadmins_425ca">
      <connectionreferencedisplayname>Power Apps for Admins OnPremiseGatewayAudit-425ca</connectionreferencedisplayname>
      <connectorid>/providers/Microsoft.PowerApps/apis/shared_powerappsforadmins</connectorid>
      <iscustomizable>1</iscustomizable>
      <statecode>0</statecode>
      <statuscode>1</statuscode>
    </connectionreference>
    <connectionreference connectionreferencelogicalname="pro_sharedpowerplatformforadmins_0f8e8">
      <connectionreferencedisplayname>Power Platform for Admins OnPremiseGatewayAudit-0f8e8</connectionreferencedisplayname>
      <connectorid>/providers/Microsoft.PowerApps/apis/shared_powerplatformforadmins</connectorid>
      <iscustomizable>1</iscustomizable>
      <statecode>0</statecode>
      <statuscode>1</statuscode>
    </connectionreference>
  </connectionreferences>
  <Languages>
    <Language>1033</Language>
  </Languages>
</ImportExportXml>