{"properties":{"connectionReferences":{"shared_powerappsforadmins":{"runtimeSource":"invoker","connection":{"connectionReferenceLogicalName":"pro_sharedpowerappsforadmins_425ca"},"api":{"name":"shared_powerappsforadmins"}}},"definition":{"$schema":"https://schema.management.azure.com/providers/Microsoft.Logic/schemas/2016-06-01/workflowdefinition.json#","contentVersion":"1.0.0.0","parameters":{"$connections":{"defaultValue":{},"type":"Object"},"$authentication":{"defaultValue":{},"type":"SecureObject"}},"triggers":{"manual":{"metadata":{"operationMetadataId":"be62aca6-a77d-4230-a728-fe610da30c64"},"type":"Request","kind":"PowerAppV2","inputs":{"schema":{"type":"object","properties":{"text":{"title":"Environment","type":"string","x-ms-dynamically-added":true,"description":"Please enter your input","x-ms-content-hint":"TEXT"}},"required":["text"]}}}},"actions":{"Get_Connections_as_Admin":{"runAfter":{},"metadata":{"operationMetadataId":"c5aa63bc-2737-4b21-b8fc-59a22176e79a"},"type":"OpenApiConnection","inputs":{"host":{"connectionName":"shared_powerappsforadmins","operationId":"Get-AdminConnections","apiId":"/providers/Microsoft.PowerApps/apis/shared_powerappsforadmins"},"parameters":{"environment":"@triggerBody()['text']","api-version":"2016-11-01","$top":250},"authentication":"@parameters('$authentication')"}},"Response":{"runAfter":{"Get_Connections_as_Admin":["Succeeded"]},"metadata":{"operationMetadataId":"1e794fdc-9965-4cdd-a988-6d2de6838831"},"type":"Response","kind":"Http","inputs":{"statusCode":200,"body":"@outputs('Get_Connections_as_Admin')?['body/value']","schema":{"type":"array","items":{"type":"object","properties":{"name":{"type":"string"},"id":{"type":"string"},"type":{"type":"string"},"properties":{"type":"object","properties":{"apiId":{"type":"string"},"displayName":{"type":"string"},"iconUri":{"type":"string"},"statuses":{"type":"array","items":{"type":"object","properties":{"status":{"type":"string"}},"required":["status"]}},"connectionParameters":{"type":"object","properties":{"rootfolder":{"type":"string"},"authType":{"type":"string"},"gateway":{"type":"object","properties":{"gatewayObjectId":{"type":"string"},"backendUri":{"type":"string"},"id":{"type":"string"}}},"sku":{"type":"string"}}},"keywordsRemaining":{"type":"integer"},"createdBy":{"type":"object","properties":{"id":{"type":"string"},"displayName":{"type":"string"},"email":{"type":"string"},"type":{"type":"string"},"tenantId":{"type":"string"},"userPrincipalName":{"type":"string"}}},"createdTime":{"type":"string"},"lastModifiedTime":{"type":"string"},"environment":{"type":"object","properties":{"id":{"type":"string"},"name":{"type":"string"}}},"allowSharing":{"type":"boolean"}}}},"required":["name","id","type","properties"]}}}}}}},"schemaVersion":"1.0.0.0"}