{"properties":{"connectionReferences":{"shared_flowmanagement_2":{"runtimeSource":"invoker","connection":{"connectionReferenceLogicalName":"pro_sharedflowmanagement_54b72"},"api":{"name":"shared_flowmanagement"}}},"definition":{"$schema":"https://schema.management.azure.com/providers/Microsoft.Logic/schemas/2016-06-01/workflowdefinition.json#","contentVersion":"1.0.0.0","parameters":{"$connections":{"defaultValue":{},"type":"Object"},"$authentication":{"defaultValue":{},"type":"SecureObject"}},"triggers":{"manual":{"metadata":{"operationMetadataId":"d1d113f6-4c17-46dd-b046-2a2a74b7aaa7"},"type":"Request","kind":"PowerAppV2","inputs":{"schema":{"type":"object","properties":{"text":{"title":"Environment Name","type":"string","x-ms-dynamically-added":true,"description":"Please enter your input","x-ms-content-hint":"TEXT"}},"required":["text"]}}}},"actions":{"Initialize_Flow_data":{"runAfter":{},"metadata":{"operationMetadataId":"889fe07e-a02b-4e31-bed4-7df47a312c01"},"type":"InitializeVariable","inputs":{"variables":[{"name":"Flow data","type":"array","value":[]}]}},"List_Flows_as_Admin":{"runAfter":{"Initialize_Flow_data":["Succeeded"]},"metadata":{"operationMetadataId":"4999b261-4466-42d5-a2a7-d155d5639798"},"type":"OpenApiConnection","inputs":{"host":{"connectionName":"shared_flowmanagement_2","operationId":"ListFlowsInEnvironment","apiId":"/providers/Microsoft.PowerApps/apis/shared_flowmanagement"},"parameters":{"environmentName":"@triggerBody()['text']","$top":250},"authentication":"@parameters('$authentication')"},"runtimeConfiguration":{"paginationPolicy":{"minimumItemCount":250}}},"Response":{"runAfter":{"Apply_to_each":["Succeeded"]},"metadata":{"operationMetadataId":"ebe6c9a3-9e2b-4935-9bfb-7614c356d3e6"},"type":"Response","kind":"Http","inputs":{"statusCode":200,"body":"@variables('Flow data')","schema":{"type":"array","items":{"type":"object","properties":{"name":{"type":"string"},"id":{"type":"string"},"type":{"type":"string"},"properties":{"type":"object","properties":{"apiId":{"type":"string"},"displayName":{"type":"string"},"userType":{"type":"string"},"triggerSchema":{"type":"object","properties":{"type":{"type":"string"},"properties":{"type":"object","properties":{"text":{"type":"object","properties":{"title":{"type":"string"},"type":{"type":"string"},"x-ms-dynamically-added":{"type":"boolean"},"description":{"type":"string"},"x-ms-content-hint":{"type":"string"}}}}},"required":{"type":"array","items":{"type":"string"}}}},"state":{"type":"string"},"sharingType":{"type":"string"},"connectionReferences":{"type":"array","items":{"type":"object","properties":{"connectionName":{"type":"string"},"displayName":{"type":"string"},"id":{"type":"string"},"apiDefinition":{"type":"object","properties":{"name":{"type":"string"},"id":{"type":"string"},"type":{"type":"string"},"properties":{"type":"object","properties":{"displayName":{"type":"string"},"iconUri":{"type":"string"},"purpose":{"type":"string"},"connectionParameters":{"type":"object","properties":{"token":{"type":"object","properties":{"type":{"type":"string"},"oAuthSettings":{"type":"object","properties":{"identityProvider":{"type":"string"},"clientId":{"type":"string"},"scopes":{"type":"array"},"redirectMode":{"type":"string"},"redirectUrl":{"type":"string"},"properties":{"type":"object","properties":{"IsFirstParty":{"type":"string"},"AzureActiveDirectoryResourceId":{"type":"string"},"IsOnbehalfofLoginSupported":{"type":"boolean"}}},"customParameters":{"type":"object","properties":{"resourceUri":{"type":"object","properties":{"value":{"type":"string"}}},"loginUri":{"type":"object","properties":{"value":{"type":"string"}}},"loginUriAAD":{"type":"object","properties":{"value":{"type":"string"}}}}}}}}}}},"scopes":{"type":"object","properties":{"will":{"type":"array"},"wont":{"type":"array"}}},"runtimeUrls":{"type":"array","items":{"type":"string"}},"primaryRuntimeUrl":{"type":"string"},"metadata":{"type":"object","properties":{"source":{"type":"string"},"brandColor":{"type":"string"},"useNewApimVersion":{"type":"string"},"version":{"type":"object","properties":{"previous":{"type":"string"},"current":{"type":"string"}}}}},"capabilities":{"type":"array","items":{"type":"string"}},"tier":{"type":"string"},"isCustomApi":{"type":"boolean"},"description":{"type":"string"},"createdTime":{"type":"string"},"changedTime":{"type":"string"},"publisher":{"type":"string"}}}}}},"required":["connectionName","displayName","id","apiDefinition"]}},"createdTime":{"type":"string"},"lastModifiedTime":{"type":"string"},"flowSuspensionReason":{"type":"string"},"environment":{"type":"object","properties":{"name":{"type":"string"},"type":{"type":"string"},"id":{"type":"string"}}},"definitionSummary":{"type":"object","properties":{"triggers":{"type":"array","items":{"type":"object","properties":{"type":{"type":"string"},"kind":{"type":"string"},"metadata":{"type":"object","properties":{"operationMetadataId":{"type":"string"}}}},"required":["type","kind","metadata"]}},"actions":{"type":"array","items":{"type":"object","properties":{"type":{"type":"string"},"swaggerOperationId":{"type":"string"},"metadata":{"type":"object","properties":{"operationMetadataId":{"type":"string"}}},"api":{"type":"object","properties":{"name":{"type":"string"},"id":{"type":"string"},"type":{"type":"string"},"properties":{"type":"object","properties":{"displayName":{"type":"string"},"iconUri":{"type":"string"},"metadata":{"type":"object","properties":{"source":{"type":"string"},"brandColor":{"type":"string"},"useNewApimVersion":{"type":"string"},"version":{"type":"object","properties":{"previous":{"type":"string"},"current":{"type":"string"}}}}},"tier":{"type":"string"},"isCustomApi":{"type":"boolean"},"description":{"type":"string"}}}}},"kind":{"type":"string"}},"required":["type","metadata"]}}}},"creator":{"type":"object","properties":{"tenantId":{"type":"string"},"objectId":{"type":"string"},"userId":{"type":"string"},"userType":{"type":"string"}}},"provisioningMethod":{"type":"string"},"flowFailureAlertSubscribed":{"type":"boolean"},"workflowEntityId":{"type":"string"},"referencedResources":{"type":"array"}}}},"required":["name","id","type","properties"]}}}},"Apply_to_each":{"foreach":"@outputs('List_Flows_as_Admin')?['body/value']","actions":{"Get_Flow_as_Admin_2":{"runAfter":{},"metadata":{"operationMetadataId":"676d236a-2199-4226-a390-c57fc995d11b"},"type":"OpenApiConnection","inputs":{"host":{"connectionName":"shared_flowmanagement_2","operationId":"AdminGetFlow","apiId":"/providers/Microsoft.PowerApps/apis/shared_flowmanagement"},"parameters":{"environmentName":"@triggerBody()['text']","flowName":"@items('Apply_to_each')?['name']"},"authentication":"@parameters('$authentication')"}},"Append_to_array_variable_2":{"runAfter":{"Get_Flow_as_Admin_2":["Succeeded"]},"metadata":{"operationMetadataId":"41688969-f184-4758-a345-aa30f71bd737"},"type":"AppendToArrayVariable","inputs":{"name":"Flow data","value":"@body('Get_Flow_as_Admin_2')"}}},"runAfter":{"List_Flows_as_Admin":["Succeeded"]},"metadata":{"operationMetadataId":"05b0cff7-a89c-4968-9429-d951281b53d9"},"type":"Foreach","runtimeConfiguration":{"concurrency":{"repetitions":50}}}}}},"schemaVersion":"1.0.0.0"}