{"properties":{"connectionReferences":{},"definition":{"$schema":"https://schema.management.azure.com/providers/Microsoft.Logic/schemas/2016-06-01/workflowdefinition.json#","contentVersion":"1.0.0.0","parameters":{"$authentication":{"defaultValue":{},"type":"SecureObject"}},"triggers":{"manual":{"metadata":{"operationMetadataId":"ce510de8-5c77-443d-963f-ef5a01a3261e"},"type":"Request","kind":"PowerAppV2","inputs":{"schema":{"type":"object","properties":{"text":{"title":"JSON","type":"string","x-ms-dynamically-added":true,"description":"Please enter your input","x-ms-content-hint":"TEXT"}},"required":["text"]}}}},"actions":{"Compose":{"runAfter":{"Gateways":["Succeeded"]},"metadata":{"operationMetadataId":"6e70d232-e854-479a-8845-a1a3b1b32751"},"type":"Compose","inputs":"@decodeBase64(body('Parse_JSON')?['data'])"},"Parse_JSON":{"runAfter":{},"metadata":{"operationMetadataId":"e150ba76-37da-4f16-b29a-181099f5f147"},"type":"ParseJson","inputs":{"content":"@triggerBody()['text']","schema":{}}},"Condition":{"actions":{"Set_variable":{"runAfter":{},"metadata":{"operationMetadataId":"5d7704eb-16fa-4666-ac63-733152a3ff9a"},"type":"SetVariable","inputs":{"name":"Gateways","value":"@{outputs('Compose')}"}}},"runAfter":{"Compose":["Succeeded"]},"else":{"actions":{"Set_variable_2":{"runAfter":{},"metadata":{"operationMetadataId":"20421c84-fc85-408d-9ddf-02c7a540fe69"},"type":"SetVariable","inputs":{"name":"Gateways","value":"[@{outputs('Compose')}]"}}}},"expression":{"equals":["@substring( outputs('Compose'),0,1)","["]},"metadata":{"operationMetadataId":"d4efc71d-5328-4843-a78a-23b5bbbdee16"},"type":"If"},"Gateways":{"runAfter":{"Parse_JSON":["Succeeded"]},"metadata":{"operationMetadataId":"af644054-daca-4498-815c-c7a34b4ceafe"},"type":"InitializeVariable","inputs":{"variables":[{"name":"Gateways","type":"string"}]}},"Response":{"runAfter":{"Condition":["Succeeded"]},"metadata":{"operationMetadataId":"9640c8e5-12b9-4b93-a262-6e224a5363d0"},"type":"Response","kind":"Http","inputs":{"statusCode":200,"body":"@variables('Gateways')","schema":{"type":"array","items":{"type":"object","properties":{"Id":{"type":"string"},"Name":{"type":"string"},"Description":{},"Permissions":{"type":"array","items":{"type":"object","properties":{"Id":{"type":"string"},"PrincipalType":{"type":"string"},"TenantId":{"type":"string"},"Role":{"type":"string"},"AllowedDataSources":{"type":"array"},"ClusterId":{"type":"string"}}}},"Type":{"type":"string"},"MemberGateways":{"type":"array","items":{"type":"object","properties":{"Id":{"type":"string"},"Name":{"type":"string"},"Status":{"type":"string"},"Version":{"type":"string"},"Annotation":{"type":"string"},"PublicKey":{"type":"string"},"State":{"type":"string"},"VersionStatus":{"type":"string"},"ExpiryDate":{}}}},"Datasources":{"type":"array"},"LoadBalancingSettings":{},"AllowableOptions":{"type":"object","properties":{"Properties":{}}},"StaticCapabilities":{"type":"integer"}}}}}}},"outputs":{}}},"schemaVersion":"1.0.0.0"}