{"name":"36118007-a928-42a3-b04f-0a3c12aa0b2a","id":"/providers/Microsoft.Flow/flows/36118007-a928-42a3-b04f-0a3c12aa0b2a","type":"Microsoft.Flow/flows","properties":{"apiId":"/providers/Microsoft.PowerApps/apis/shared_logicflows","displayName":"I'm late","definition":{"metadata":{"workflowEntityId":null,"processAdvisorMetadata":null,"flowclientsuspensionreason":"None","flowclientsuspensiontime":null,"creator":{"id":"cfc3566c-a055-4909-a8cd-07e74e77021c","type":"User","tenantId":"a081a840-941d-4632-a1f0-f9041880b654"},"provisioningMethod":"FromDefinition","failureAlertSubscription":true,"clientLastModifiedTime":"2021-06-06T19:11:26.4948771Z"},"$schema":"https://schema.management.azure.com/providers/Microsoft.Logic/schemas/2016-06-01/workflowdefinition.json#","contentVersion":"1.0.0.0","parameters":{"$connections":{"defaultValue":{},"type":"Object"},"$authentication":{"defaultValue":{},"type":"SecureObject"}},"triggers":{"manual":{"type":"Request","kind":"Button","inputs":{"schema":{"type":"object","properties":{"text":{"title":"Destination","type":"string","x-ms-dynamically-added":true,"description":"Please enter your input","x-ms-content-hint":"TEXT","enum":["Office","Home"]},"location":{"type":"object","properties":{"coordinates":{"type":"object","properties":{"latitude":{"title":"Latitude","type":"number","x-ms-dynamically-added":false},"longitude":{"title":"Longitude","type":"number","x-ms-dynamically-added":false}},"required":["latitude","longitude"]}}},"text_1":{"title":"TravelMethod","type":"string","x-ms-dynamically-added":true,"description":"Please enter your input","x-ms-content-hint":"TEXT","enum":["Driving","Walking","Transit"]}},"required":["text","location","text_1"]}}}},"actions":{"Parse_JSON":{"runAfter":{},"type":"ParseJson","inputs":{"content":[{"Name":"Office","Latitude":43.6472655,"Longitude":-79.3807885},{"Name":"Home","Latitude":43.7873238,"Longitude":-79.4366889}],"schema":{"type":"array","items":{"type":"object","properties":{"Name":{"type":"string"},"Latitude":{"type":"number"},"Longitude":{"type":"number"}},"required":["Name","Latitude","Longitude"]}}}},"Get_Travel_Info":{"runAfter":{"My_Location":["Succeeded"]},"type":"Http","inputs":{"method":"GET","uri":"http://dev.virtualearth.net/REST/v1/Routes/@{triggerBody()['text_1']}/?wayPoint.1=@{triggerBody()['location']['coordinates']['latitude']},@{triggerBody()['location']['coordinates']['longitude']}&wayPoint.2=@{body('My_Location')?['Latitude']},@{body('My_Location')?['Longitude']}&key=AjtGVRr3QM8x2vhza3AnrZLWaPWvijre3roi-p42JAI5QNFuABpFN2xbWFXjzigp"}},"Filter_Locations":{"runAfter":{"Parse_JSON":["Succeeded"]},"type":"Query","inputs":{"from":"@body('Parse_JSON')","where":"@equals(item()['Name'], triggerBody()['text'])"}},"My_Location":{"runAfter":{"Filter_Locations":["Succeeded"]},"type":"ParseJson","inputs":{"content":"@body('Filter_Locations')?[0]","schema":{"type":"object","properties":{"Name":{"type":"string"},"Latitude":{"type":"number"},"Longitude":{"type":"number"}}}}},"Add_to_time":{"runAfter":{"Get_Travel_Info":["Succeeded"]},"type":"Expression","kind":"AddToTime","inputs":{"baseTime":"@{utcnow()}","interval":"@body('Get_Travel_Info')?['resourceSets']?[0]?['resources']?[0]?['travelDurationTraffic']","timeUnit":"Second"}},"Convert_time_zone":{"runAfter":{"Add_to_time":["Succeeded"]},"type":"Expression","kind":"ConvertTimeZone","inputs":{"baseTime":"@body('Add_to_time')","formatString":"T","sourceTimeZone":"UTC","destinationTimeZone":"Eastern Standard Time"}},"Get_events_(V4)":{"runAfter":{"Convert_time_zone":["Succeeded"]},"type":"OpenApiConnection","inputs":{"host":{"apiId":"/providers/Microsoft.PowerApps/apis/shared_office365","connectionName":"shared_office365","operationId":"V4CalendarGetItems"},"parameters":{"table":"AQMkAGY2MGQ3OTM1LTQwMmItNGE2OC1iNjk1LTMzAThkMDNjYjhmMwBGAAADYgFz37VYDUm3BD5dP6zQXgcAedECEsdhPEiDrV9V72ON_AAAAgEGAAAAedECEsdhPEiDrV9V72ON_AAAArdpAAAA"},"authentication":{"value":"@json(decodeBase64(triggerOutputs().headers['X-MS-APIM-Tokens']))['$ConnectionKey']","type":"Raw"}}},"Apply_to_each":{"foreach":"@body('Filter_array')","actions":{"Send_an_email_(V2)_2":{"runAfter":{"All_Recipients":["Succeeded"]},"type":"OpenApiConnection","inputs":{"host":{"apiId":"/providers/Microsoft.PowerApps/apis/shared_office365","connectionName":"shared_office365","operationId":"SendEmailV2"},"parameters":{"emailMessage/To":"@replace(outputs('All_Recipients'),triggerBody()?['user']?['email'],'')","emailMessage/Subject":"Arriving late","emailMessage/Body":"<p>Apologies, but I will be arriving late to the meeting. &nbsp;I should be there around @{body('Convert_time_zone')}</p>"},"authentication":{"value":"@json(decodeBase64(triggerOutputs().headers['X-MS-APIM-Tokens']))['$ConnectionKey']","type":"Raw"}}},"All_Recipients":{"runAfter":{},"type":"Compose","inputs":"@{items('Apply_to_each')?['organizer']};@{items('Apply_to_each')?['requiredAttendees']};@{items('Apply_to_each')?['optionalAttendees']}"}},"runAfter":{"Filter_array":["Succeeded"]},"type":"Foreach"},"Filter_array":{"runAfter":{"Get_events_(V4)":["Succeeded"]},"type":"Query","inputs":{"from":"@outputs('Get_events_(V4)')?['body/value']","where":"@and(greaterOrEquals('startWithTimeZone', utcNow()),lessOrEquals('startWithTimeZone', body('Add_to_time')))"}}}},"connectionReferences":{"shared_office365":{"connectionName":"shared-office365-cc75f146-d7ca-418c-9c5c-8684-dde24e67","source":"Invoker","id":"/providers/Microsoft.PowerApps/apis/shared_office365","tier":"NotSpecified"}},"flowFailureAlertSubscribed":false}}